Mark, Time, AmbTemp, AmbStdv, IR Temp, IR Stdv
,35546.5,-31.368,0.221305219098,-31.6686666667,0.307232087445
,36010.5,-31.754,0.231309316717,-31.2266666667,0.249443825785
,36475.5,-31.3516666667,0.232451906615,-31.2326666667,0.298774534093
,36904.5,-31.577,0.303909526011,-31.3346666667,0.0287208789714
,37378.5,-31.303,0.224546209053,-30.96,1.42108547152e-14
,37930.5,-31.5933333333,0.309756176515,-30.15,0.25
,38445.5,-30.7313333333,0.244454949269,-30.2226666667,0.0707546621942
,38899.5,-30.96,0.219134661795,-31.392,0.535178474903
,39848.5,-30.715,0.245,-31.216,0.0897997772826
9,44910.5,-31.2703333333,0.236128260815,-31.12,0.0
,45442.5,-30.813,0.224546209053,-30.6273333333,0.298774534093
,45794.5,-31.1396666667,0.236128260815,-30.8833333333,0.663366833325
,46117.5,-30.7476666667,0.242812456206,-32.1413333333,0.659473190425
,46501.5,-31.706,0.239466072754,-32.3766666667,0.0422952584682
,47051.5,-31.4333333333,0.152999636891,-32.568,0.109981816679
,47435.5,-31.6576666667,0.269068557972,-33.63,0.21
,47779.5,-31.3846666667,0.166567970777,-34.256,0.106131993291
,48549.5,-31.658,0.237857099957,-30.4706666667,0.0399110121256
,48933.5,-31.496,0.33915188338,-30.42,0.14
,49608.5,-31.754,0.231309316717,-31.782,0.0761314652427
,50198.5,-31.4973333333,0.228399260555,-31.6446666667,0.10901783748
,50552.5,-31.754,0.231309316717,-30.3666666667,0.527973063286
,50899.5,-31.4496666667,0.125232672343,-28.956,0.163168624435
,51353.5,-31.578,0.212263986583,-29.74,7.1054273576e-15
,51782.5,-31.5276666667,0.377029471291,-31.9846666667,0.163844099341
,52367.5,-31.754,0.231309316717,-32.86,7.1054273576e-15
,52836.5,-31.4796666667,0.352509889538,-31.58,1.06581410364e-14
,53263.5,-31.706,0.239466072754,-31.2866666667,0.160277537069
,53622.5,-31.45,1.42108547152e-14,-31.96,0.448998886413
,54096.5,-31.722,0.237857099957,-32.25,0.15
,54570.5,-31.4473333333,0.354202704049,-31.752,0.036
,55005.5,-31.786,0.219963633358,-31.792,0.333130605019
,55504.5,-31.45,1.42108547152e-14,-29.5213333333,0.566037297554
,56174.5,-31.834,0.192,-28.1746666667,0.0548776416727
,56621.5,-31.545,0.290008620562,-30.0746666667,0.539504299231
,57231.5,-31.5433333333,0.681676039055,-31.2733333333,0.49888765157
,57565.5,-31.529,0.281440935189,-30.948,0.75175527933
,57878.5,-31.6256666667,0.263257584042,-30.996,0.715251004893
,58217.5,-31.5283333333,0.332686873134,-31.6466666667,0.6191032942
,58885.5,-31.754,0.231309316717,-33.6,0.0748331477355
,59354.5,-31.4156666667,0.305359715017,-34.02,1.42108547152e-14
,59979.5,-31.6236666667,0.583246564975,-33.368,0.296
,60559.5,-31.4806666667,0.277764088552,-33.84,2.13162820728e-14
,61269.5,-31.594,0.219963633358,-33.502,0.174
,61849.5,-31.3516666667,0.292780729481,-32.7,0.06
,62398.5,-31.5926666667,0.399398992933,-32.3093333333,0.0502615381999
,62843.5,-31.3993333333,0.316005625829,-31.736,0.101508620324
,63468.5,-31.689,0.34804549511,-31.3333333333,0.263986531643
,63872.5,-31.5456666667,0.229371363126,-32.3,1.42108547152e-14
,64271.5,-31.85,0.1788854382,-32.186,0.174137876408
,64600.5,-31.5123333333,0.324424447633,-31.942,0.938954737993
,64918.5,-31.8986666667,0.248498602724,-31.792,0.304525860971
,65257.5,-31.5773333333,0.276754203019,-32.67,0.57
,65759.5,-31.914,0.0861626369142,-31.96,1.42108547152e-14
,66374.5,-31.562,0.203017240647,-31.762,0.066
,66974.5,-31.866,0.163168624435,-30.86,0.0565685424949
,67277.5,-31.61,0.22627416998,-30.034,0.921696262334
,67717.5,-31.898,0.119733036377,-31.74,0.183303027798
,68116.5,-31.6416666667,0.2666593749,-32.1033333333,0.439760035575
,68580.5,-31.914,0.0861626369142,-32.184,0.0265329983228
,69358.5,-31.546,0.192,-32.84,0.391918358845
,69780.5,-31.9153333333,0.264949471074,-32.2726666667,0.448329739763
,70139.5,-31.658,0.297090334186,-30.37,0.03
,70764.5,-31.914,0.0861626369142,-30.664,0.323332646047
,71353.5,-30.9763333333,0.199373741724,-31.608,0.216
,71808.5,-31.205,0.245,-31.3,1.42108547152e-14
,73572.5,-30.9436666667,0.0879576918499,-31.8,1.42108547152e-14
58,76278.5,-31.93,1.7763568394e-14,-31.62,0.0
,76827.5,-31.675,0.481980290053,-30.85,0.44598206242
,77201.5,-31.9313333333,0.25046268296,-30.232,0.576
,77550.5,-31.594,0.219963633358,-30.52,1.06581410364e-14
,77832.5,-31.964,0.278539045737,-32.0566666667,0.549838360086
,78170.5,-31.6093333333,0.403095797823,-30.9213333333,0.353532019609
,78413.5,-31.9963333333,0.412371057288,-31.1433333333,0.240947204913
,78742.5,-31.658,0.297090334186,-31.142,1.1000890873
,79046.5,-31.996,0.242948554225,-31.0666666667,0.63168205786
,79304.5,-31.642,0.235151015307,-30.9,1.42108547152e-14
,79668.5,-31.9796666667,0.23002149658,-32.1686666667,0.160721982179
,80083.0,-31.514,0.163168624435,-32.7346666667,0.319538556185
,80557.5,-31.7866666667,0.28274055638,-32.044,0.0611882341631
,81162.5,-31.4313333333,0.556049957788,-32.4613333333,0.0771031055723
,81546.5,-31.9956666667,0.208289595409,-33.5,0.0
,81895.5,-31.578,0.212263986583,-33.512,0.024
,82334.5,-32.029,0.292008561518,-33.56,2.84217094304e-14
,82693.5,-31.7223333333,0.269068557972,-33.748,0.136
,83021.5,-31.931,0.35556855879,-33.662,0.155807573628
,83345.5,-31.674,0.239466072754,-33.674,0.449092418106
,83669.5,-31.898,0.119733036377,-33.3066666667,0.63168205786
,83968.5,-31.6743333333,0.270551083696,-32.6,0.48
,84266.5,-31.8823333333,0.190922031788,-32.8946666667,0.129710789408
,84555.5,-31.706,0.239466072754,-33.8093333333,0.114744159861
,84854.5,-31.9953333333,0.166567970777,-33.808,0.136
,85152.5,-31.754,0.231309316717,-32.88,0.565685424949
,85446.5,-31.9306666667,0.177105116307,-31.88,0.82
,85735.5,-31.738,0.235151015307,-31.85,0.595734840344
,86053.5,-31.9793333333,0.193027344062,-32.19,0.595734840344
,86377.5,-31.658,0.237857099957,-32.2066666667,0.348839345385
,86714.5,-31.9466666667,0.152999636891,-32.9773333333,0.488909898538
,87057.5,-31.6743333333,0.270551083696,-33.768,0.872018348431
,87391.5,-31.9466666667,0.152999636891,-33.588,0.716390954717
,87715.5,-31.8026666667,0.276754203019,-32.972,0.55829741178
,88008.5,-31.8816666667,0.47729154845,-32.6046666667,0.703660587373
,88257.5,-31.7546666667,0.291727422244,-30.744,0.571090185522
,88546.5,-32.0936666667,0.262545022594,-31.0013333333,0.222586812028
,88849.5,-31.8353333333,0.315992967573,-31.8,1.42108547152e-14
,89133.5,-31.963,0.174931415132,-32.4726666667,0.298774534093
,89416.5,-31.8353333333,0.315992967573,-31.408,0.548685702383
,89735.5,-32.0443333333,0.207246766494,-31.324,0.715251004893
,90014.5,-31.7383333333,0.2666593749,-30.7346666667,0.700265346533
,90287.5,-32.0446666667,0.241988062148,-31.674,0.282
,90611.5,-31.7866666667,0.28274055638,-31.692,0.179599554565
,90913.5,-31.963,0.174931415132,-31.5233333333,0.126710518725
,91236.5,-31.7703333333,0.258824050059,-31.7833333333,0.395038676025
,91588.5,-32.0283333333,0.232451906615,-32.4,1.42108547152e-14
,91856.5,-31.7703333333,0.258824050059,-32.62,0.132664991614
,92099.5,-32.2403333333,0.556402032906,-30.7366666667,0.211476292341
,92428.5,-31.8673333333,0.299209328434,-30.194,0.357440904207
,92817.5,-31.9793333333,0.193027344062,-30.8406666667,0.397575429601
,93241.5,-31.835,0.290008620562,-32.128,0.0587877538268
,93766.5,-32.0283333333,0.232451906615,-31.756,0.0265329983228
,94065.5,-31.722,0.237857099957,-31.294,1.21901763728
,94664.5,-31.818,0.203017240647,-31.92,0.33941125497
,95059.0,-31.254,0.240049994793,-32.27,0.559016994375
,95543.5,-31.5136666667,0.205790886312,-31.4226666667,0.210759473229
,96113.5,-31.2046666667,0.327462296388,-29.4726666667,0.128839262477
58,98635.5,-32.0606666667,0.21668615297,-29.8893333333,0.236853447422
,99114.5,-31.7703333333,0.258824050059,-30.698,0.0761314652427
,99433.5,-32.0286666667,0.263915811492,-30.6206666667,0.617510773635
,99755.5,-31.69,0.498698305592,-30.6066666667,0.442216638714
,100048.5,-31.9956666667,0.208289595409,-31.496,0.288
,100429.5,-31.658,0.237857099957,-32.7,0.4
,100899.5,-32.0606666667,0.21668615297,-32.122,0.0891964124839
,101203.0,-31.6903333333,0.27100410001,-31.1933333333,0.963788819653
,101642.5,-31.914,0.0861626369142,-32.244,0.132
,102116.5,-31.7066666667,0.298343575243,-32.128,0.269399331848
,102403.5,-32.1096666667,0.236128260815,-30.724,0.132
,102706.5,-31.706,0.239466072754,-30.364,0.048
,103165.5,-32.0606666667,0.21668615297,-30.6733333333,0.235702260396
,103512.5,-31.674,0.239466072754,-31.4146666667,0.829440507544
,103800.5,-31.9793333333,0.193027344062,-31.6333333333,0.320555074138
,104032.5,-31.6243333333,0.635325026179,-30.7713333333,0.713427096641
,104295.5,-32.029,0.292008561518,-33.1613333333,0.287607757584
,104578.5,-31.706,0.239466072754,-32.2746666667,0.818175748575
,104847.5,-31.9146666667,0.760573175674,-31.9,1.12
,105171.0,-31.77,0.22627416998,-34.536,0.101508620324
,105595.5,-31.93,1.7763568394e-14,-34.1093333333,0.114744159861
,106074.5,-31.706,0.239466072754,-32.1506666667,0.0399110121256
,106408.5,-32.0606666667,0.21668615297,-30.68,1.7763568394e-14
,107003.5,-31.69,0.24,-31.804,0.101508620324
,107417.5,-32.0773333333,0.256916761271,-31.2933333333,0.320555074138
,107720.5,-31.706,0.239466072754,-29.3906666667,0.74439654904
,108074.5,-31.9796666667,0.290854870263,-29.764,0.389132368224
,108423.5,-31.7223333333,0.269068557972,-29.9266666667,0.754247233266
,108812.5,-31.9463333333,0.0879576918499,-30.336,0.0149666295471
,109171.5,-31.7543333333,0.263257584042,-29.94,0.0282842712475
,109513.5,-31.9463333333,0.0879576918499,-30.15,0.97
,109761.5,-31.6076666667,0.633638610636,-29.8306666667,0.488254942514
,110090.5,-31.9956666667,0.208289595409,-32.292,0.156
,110373.5,-31.7543333333,0.263257584042,-33.012,0.084
,110752.5,-31.963,0.174931415132,-31.9426666667,0.327240312648
,111071.5,-31.7223333333,0.269068557972,-30.7253333333,0.274174316003
,111490.5,-32.061,0.2500979808,-30.5533333333,0.249443825785
,111824.5,-31.8196666667,0.34641481236,-30.62,0.0
,112218.5,-31.9956666667,0.208289595409,-30.34,1.06581410364e-14
,112592.5,-31.7863333333,0.253304603634,-30.6,0.8049844719
,112921.5,-31.979,0.147,-30.914,0.318
,113240.5,-31.867,0.271663394663,-31.424,0.288
,113644.5,-31.9953333333,0.166567970777,-31.008,0.137171425596
,114063.5,-31.8026666667,0.276754203019,-30.18,1.7763568394e-14
,114442.5,-32.1753333333,0.27485430484,-29.8073333333,0.465803487416
,114901.5,-31.802,0.212263986583,-30.49,0.0458257569496
,115245.5,-32.1096666667,0.236128260815,-30.0706666667,0.888020019794
,115649.5,-31.834,0.192,-30.62,0.0
,116033.5,-32.126,0.240049994793,-30.28,0.0489897948557
,116412.5,-31.674,0.239466072754,-30.08,0.64
,116916.5,-32.077,0.224546209053,-30.342,0.0107703296143
,117356.5,-31.754,0.231309316717,-29.862,0.302449995867
,118036.5,-31.2376666667,0.242812456206,-30.46,1.42108547152e-14
,118475.5,-31.1396666667,0.236128260815,-30.84,1.06581410364e-14
,118879.5,-31.3846666667,0.166567970777,-30.354,0.0253771550809
,119358.5,-31.058,0.196,-30.34,1.06581410364e-14
56,121043.0,-32.0116666667,0.182612218162,-31.012,0.0203960780544
,121467.5,-31.6903333333,0.27100410001,-30.49,0.03
,121881.5,-31.9963333333,0.273245717665,-31.0973333333,0.13968854244
,122205.5,-31.6426666667,0.321018517984,-31.358,0.054
,122513.5,-32.0446666667,0.241988062148,-31.2826666667,0.093342856657
,122817.5,-31.642,0.235151015307,-31.12,0.0
,123196.5,-32.0283333333,0.232451906615,-31.4,0.0848528137424
,123525.5,-31.706,0.239466072754,-30.512,0.823028553575
,123848.5,-32.0123333333,0.254174262182,-30.3253333333,0.852321274846
,124132.5,-31.562,0.203017240647,-29.688,0.576
,124439.5,-32.0446666667,0.241988062148,-30.344,0.265149014707
,124787.5,-31.594,0.219963633358,-31.0866666667,0.179133717901
,125154.5,-32.0126666667,0.28325410657,-30.0933333333,0.603397786613
,125533.5,-31.61,0.22627416998,-30.24,7.1054273576e-15
,125846.5,-32.0936666667,0.262545022594,-30.52,1.06581410364e-14
,126130.5,-31.642,0.235151015307,-30.2633333333,0.0422952584682
,126429.5,-32.0443333333,0.207246766494,-30.508,1.04089192523
,126787.5,-31.626,0.231309316717,-31.47,0.63
,127151.5,-32.11,0.267058046125,-31.3066666667,0.01490711985
,127676.5,-31.642,0.235151015307,-31.648,0.0299332590942
,127975.5,-32.0446666667,0.241988062148,-30.2933333333,0.386551707049
,128238.5,-31.6743333333,0.270551083696,-29.74,7.1054273576e-15
,128670.5,-32.1096666667,0.236128260815,-30.7226666667,0.194575321034
,129099.5,-31.722,0.237857099957,-31.052,0.333130605019
,129398.5,-31.9303333333,0.125232672343,-30.124,0.902121942977
,129726.5,-31.674,0.239466072754,-31.2133333333,0.612825877028
,130085.5,-31.93,1.7763568394e-14,-30.504,0.754442840777
,130585.5,-31.7543333333,0.263257584042,-31.5466666667,0.0442216638714
,131104.5,-32.0773333333,0.312558616725,-31.34,1.06581410364e-14
,131493.5,-31.706,0.239466072754,-30.48,0.244948974278
,131732.5,-31.817,0.298330353803,-28.0893333333,0.558754169758
,132086.5,-31.6903333333,0.27100410001,-29.3373333333,0.503103258674
,132404.5,-31.914,0.0861626369142,-29.9226666667,0.0951816975871
,132693.5,-31.6903333333,0.27100410001,-29.5833333333,0.0179505493571
,133087.5,-31.914,0.0861626369142,-30.1553333333,0.10901783748
,133401.5,-31.642,0.235151015307,-29.452,0.725048963864
,133699.5,-31.8826666667,0.228399260555,-28.7293333333,0.778301284137
,134033.5,-31.7383333333,0.2666593749,-29.146,0.665014285561
,134407.5,-31.914,0.0861626369142,-31.764,1.35318291447
,134791.5,-31.7223333333,0.269068557972,-32.786,0.258
,135120.5,-31.898,0.119733036377,-32.9533333333,0.46212071535
,135504.5,-31.642,0.235151015307,-31.088,0.303736728105
,135928.5,-31.914,0.0861626369142,-30.4526666667,0.312984912664
,136290.5,-31.658,0.237857099957,-31.0573333333,0.558754169758
,136638.5,-31.914,0.0861626369142,-30.7373333333,0.999409603494
,136957.5,-31.674,0.239466072754,-30.3706666667,0.778301284137
,137334.5,-31.914,0.0861626369142,-31.2546666667,0.169621801534
,137753.5,-31.722,0.237857099957,-30.164,0.0265329983228
,138082.5,-31.964,0.278539045737,-29.764,0.832
,138445.5,-31.5946666667,0.399881093438,-31.012,0.0430813184571
,138704.5,-31.997,0.32548579078,-31.494,0.467422720885
,139028.5,-31.562,0.203017240647,-31.5866666667,1.01709826904
,139422.5,-31.8996666667,0.304723736449,-32.37,0.335410196625
,139801.5,-31.578,0.212263986583,-31.34,1.06581410364e-14
,140250.5,-31.932,0.306750713121,-31.0393333333,0.106016770162
,140574.5,-31.2693333333,0.320072214074,-29.088,0.401716317816
,140948.5,-31.1883333333,0.393252110258,-28.9166666667,0.803609910895
,141377.5,-31.1233333333,0.263367086444,-29.4026666667,0.109755283345
,142644.5,-31.205,0.245,-30.412,0.0587877538268
59,143887.5,-31.706,0.239466072754,-30.248,0.136
,144331.5,-31.8836666667,0.315134715461,-30.74,7.1054273576e-15
,144705.5,-31.594,0.219963633358,-30.94,0.0565685424949
,145119.5,-31.914,0.0861626369142,-31.3466666667,0.287208789714
,145428.5,-31.754,0.231309316717,-30.994,0.102
,145887.5,-31.914,0.0861626369142,-30.294,0.0253771550809
,146366.5,-31.674,0.239466072754,-30.232,0.304525860971
,147006.5,-31.9153333333,0.264949471074,-29.08,1.06581410364e-14
,147531.5,-31.529,0.281440935189,-28.3513333333,0.154374724471
,147830.5,-31.8673333333,0.299209328434,-27.926,0.0753923072999
,148404.5,-31.53,0.1788854382,-28.6,0.297321374946
,149130.5,-31.882,0.144,-29.064,0.132
,149489.5,-31.5936666667,0.253304603634,-30.0406666667,0.395153416058
,149903.5,-31.77,0.22627416998,-31.58,1.06581410364e-14
,150362.5,-31.5453333333,0.26145405375,-30.916,0.346733326924
,150671.5,-31.7376666667,0.266779351192,-29.888,0.264
,151130.5,-31.4173333333,0.122227474635,-32.0066666667,0.273414622059
,151474.5,-31.642,0.235151015307,-31.62,0.67082039325
,151763.0,-31.156,0.240049994793,-31.5933333333,0.192757763931
,152111.5,-31.578,0.212263986583,-31.74,0.6260990337
,152686.5,-31.1886666667,0.244454949269,-31.4453333333,0.336964224939
,153038.5,-31.497,0.260539824211,-30.1333333333,0.85795622784
,153416.5,-31.0743333333,0.207246766494,-30.9,1.42108547152e-14
,153740.5,-31.367,0.309614276157,-32.026,0.0323109888428
,154059.5,-30.9763333333,0.0879576918499,-32.4213333333,0.114883515886
,154388.5,-31.254,0.240049994793,-32.12,0.24
,154742.5,-30.8946666667,0.166567970777,-30.68,0.622253967444
,155070.5,-31.205,0.275738402597,-28.468,0.499695907528
,155439.5,-30.9436666667,0.15408835849,-29.4546666667,0.937499274074
,155783.5,-31.2376666667,0.273796558699,-30.498,0.546
,156082.5,-30.7966666667,0.230988215188,-30.478,0.0761314652427
,156441.5,-31.1886666667,0.275254225924,-29.8,1.42108547152e-14
,157016.5,-30.7313333333,0.244454949269,-30.4953333333,0.163844099341
,157344.5,-31.1723333333,0.242812456206,-30.632,1.08148786401
,157698.5,-30.715,0.245,-31.1213333333,0.444010009897
,157987.5,-31.2213333333,0.244454949269,-31.22,0.397994974843
,158401.5,-30.6986666667,0.244454949269,-32.138,0.339110601427
,158770.5,-31.107,0.257735652688,-31.3073333333,0.568635403596
,159139.5,-30.5843333333,0.207246766494,-32.6273333333,0.391321975985
,159432.5,-30.96,0.309903210697,-32.472,0.024
,159711.5,-30.5843333333,0.242812456206,-32.7973333333,0.558754169758
,160040.5,-30.911,0.26387307555,-32.632,0.499695907528
,160354.5,-30.5516666667,0.182612218162,-31.7193333333,0.66401773738
,160702.5,-30.8946666667,0.275254225924,-31.0106666667,0.524461205005
,161112.5,-30.5353333333,0.166567970777,-31.4733333333,0.29227080289
,161465.5,-30.8456666667,0.301614360106,-30.348,0.419065627319
,161779.5,-30.47,2.13162820728e-14,-29.944,0.957864291014
,162106.5,-30.7966666667,0.230988215188,-29.5953333333,0.782946287359
,162504.5,-30.4373333333,0.122227474635,-30.284,0.164632925018
,162838.5,-30.7313333333,0.244454949269,-31.4386666667,0.251551629337
,163272.5,-30.421,0.193947587422,-31.986,0.102
,163606.5,-30.6986666667,0.244454949269,-32.02,1.42108547152e-14
,163940.5,-30.47,0.126517455976,-32.476,0.164632925018
,164472.5,-30.715,0.275738402597,-31.7386666667,0.138749974975
,165155.5,-29.9636666667,0.0879576918499,-31.3533333333,0.176886655486
,165920.5,-30.0616666667,0.182612218162,-31.9106666667,0.309310343973
,167183.5,-29.98,1.06581410364e-14,-32.334,0.0297321374946
,168029.5,-30.2576666667,0.242812456206,-32.6313333333,0.09304956863
58,169537.5,-30.813,0.224546209053,-32.584,0.112
,169951.5,-30.9926666667,0.21668615297,-32.0066666667,0.298142397
,170516.5,-30.764,0.240049994793,-33.4866666667,0.385515527861
,170845.5,-31.1396666667,0.267886584625,-31.144,0.713571299871
,171093.5,-30.6006666667,0.47225652163,-30.02,1.06581410364e-14
,171392.5,-31.0743333333,0.242812456206,-31.132,0.036
,171811.5,-30.862,0.233286661999,-31.27,0.59
,172145.5,-31.1723333333,0.242812456206,-30.42,0.783836717691
,172458.5,-30.8293333333,0.250917427764,-30.6613333333,1.05053552481
,172737.5,-31.2213333333,0.244454949269,-29.928,0.714881808413
,173116.5,-30.8946666667,0.166567970777,-30.902,0.760707565363
,173460.5,-31.254,0.240049994793,-31.6,0.815843122175
,173773.5,-30.96,0.126517455976,-30.9766666667,0.186338998125
,174082.5,-31.3356666667,0.207246766494,-31.1206666667,0.397575429601
,174361.5,-30.96,0.253034911952,-29.16,0.3
,174619.5,-31.2213333333,0.275254225924,-28.556,0.708
,174968.5,-30.9926666667,0.250917427764,-30.616,0.146642422239
,175240.5,-31.1723333333,0.242812456206,-29.24,7.1054273576e-15
,175573.5,-30.8783333333,0.312047895184,-29.818,0.234
,175882.5,-31.1886666667,0.244454949269,-30.76,0.107703296143
,176291.5,-30.9273333333,0.1759153837,-30.916,0.0578273291792
,176574.5,-31.2376666667,0.273796558699,-29.548,0.69565508695
,176858.5,-30.8946666667,0.244454949269,-28.6666666667,0.7751702322
,177257.5,-31.254,0.271349712855,-30.852,0.256624238918
,177604.5,-30.9273333333,0.122227474635,-31.4506666667,0.584687570892
,177927.5,-31.205,0.245,-30.746,0.198
,178336.5,-30.911,0.147,-31.8386666667,0.169621801534
,178720.5,-31.2866666667,0.230988215188,-32.896,0.792
,179215.5,-30.96,0.126517455976,-32.8,1.42108547152e-14
,179549.5,-31.2866666667,0.230988215188,-32.3486666667,0.0610318678142
,179907.5,-30.96,1.42108547152e-14,-32.004,0.128312119459
,180301.5,-31.3513333333,0.263915811492,-31.808,0.784
,180741.5,-30.9926666667,0.122227474635,-31.546,0.0297321374946
,181090.5,-31.3023333333,0.285641772544,-30.3013333333,0.795150859202
,181413.5,-30.9926666667,0.122227474635,-30.22,0.68
,181717.5,-31.4146666667,0.374466138508,-30.212,0.531578780615
,182011.5,-31.058,0.196,-29.3693333333,1.03768631527
,182535.5,-31.351,0.318238380254,-30.5033333333,0.231060357675
,182914.5,-31.2376666667,0.242812456206,-31.1166666667,0.126710518725
,183233.5,-31.3846666667,0.166567970777,-31.56,0.3577708764
,183587.5,-31.1393333333,0.321319501777,-32.692,0.480099989586
,183961.5,-31.352,0.196,-32.7,0.68
,184275.0,-31.107,0.338301147894,-33.4293333333,0.68101362362
,184669.5,-31.254,0.240049994793,-33.688,0.136
,185007.5,-31.1723333333,0.242812456206,-33.7866666667,0.490260701623
,185386.5,-31.4173333333,0.122227474635,-33.5613333333,0.760612618588
,185805.5,-31.1886666667,0.275254225924,-34.5933333333,0.386551707049
,186159.5,-31.4806666667,0.277764088552,-33.888,0.951428399828
,186513.5,-31.156,0.240049994793,-34.1,0.76
,186927.5,-31.4966666667,0.289128960078,-34.6373333333,0.424067080647
,187286.5,-31.1723333333,0.242812456206,-33.0993333333,0.684290061954
,187600.5,-31.4816666667,0.173322115022,-33.716,1.15615915859
,188014.5,-31.2536666667,0.27051165512,-34.008,0.024
,188381.5,-31.6096666667,0.258824050059,-33.04,0.24
,188930.5,-31.0906666667,0.21668615297,-32.3,1.42108547152e-14
,189374.5,-31.107,0.224546209053,-32.4953333333,0.262230602503
,189989.5,-30.7146666667,0.588516402113,-32.164,0.0293938769134
57,191312.5,-31.61,0.22627416998,-31.5386666667,0.0698442712198
,191761.5,-31.2863333333,0.262545022594,-31.8866666667,0.0442216638714
,192211.0,-31.61,0.22627416998,-32.088,0.0594642749893
,192871.5,-31.2866666667,0.230988215188,-33.338,0.155807573628
,193526.5,-31.45,1.42108547152e-14,-34.3933333333,0.19379255805
,193940.5,-31.3026666667,0.256916761271,-33.428,0.0587877538268
,194399.5,-31.5936666667,0.253304603634,-32.0373333333,0.0707546621942
,194773.5,-31.156,0.240049994793,-31.98,0.763675323681
,195107.5,-31.4483333333,0.280024800489,-31.66,0.761314652427
,195360.5,-31.1396666667,0.236128260815,-30.756,0.788203019532
,195865.5,-31.351,0.292008561518,-32.55,0.03
,196219.5,-31.058,0.265385254551,-32.4253333333,0.919810608525
,196522.5,-31.2703333333,0.389610774435,-32.1473333333,0.857772049492
,196871.5,-30.9926666667,0.356351262411,-33.02,0.67082039325
,197275.5,-31.254,0.240049994793,-33.48,0.0565685424949
,197599.5,-30.8946666667,0.328295936957,-31.85,0.72284161474
,198033.5,-31.0906666667,0.21668615297,-32.89,0.09
,198462.5,-30.7803333333,0.296259833405,-32.3833333333,0.037267799625
,198856.5,-31.107,0.257735652688,-31.4453333333,0.12382065884
,199190.5,-30.5843333333,0.207246766494,-30.8813333333,0.790306832116
,199589.5,-30.9436666667,0.296259833405,-31.954,0.558
,199988.5,-30.5026666667,0.122227474635,-32.2133333333,0.192757763931
,200317.5,-30.8456666667,0.273796558699,-31.7686666667,0.604553462391
,200614.5,-30.6003333333,0.397219362849,-31.738,1.03566210706
,200892.5,-30.813,0.257735652688,-32.4753333333,0.0825725270427
,201191.5,-30.5516666667,0.222157351643,-33.8093333333,0.165145054085
,201464.5,-30.813,0.224546209053,-33.48,0.0565685424949
,201751.5,-30.4046666667,0.275254225924,-31.722,0.802767712355
,202044.5,-30.7803333333,0.236128260815,-31.272,0.716390954717
,202317.5,-30.4373333333,0.250917427764,-31.46,1.42108547152e-14
,202586.5,-30.715,0.245,-32.818,0.339110601427
,202865.5,-30.323,0.338301147894,-31.79,0.44598206242
,203113.5,-30.617,0.441,-30.84,1.06581410364e-14
,203370.5,-30.2743333333,0.663046923092,-33.296,0.0195959179423
,203643.5,-30.715,0.275738402597,-31.94,0.641560597294
,203941.5,-30.3066666667,0.386517212496,-32.3166666667,0.529202754675
,204275.5,-30.715,0.245,-33.4613333333,0.300707314326
,204577.5,-30.372,0.320066659724,-32.53,0.514295634825
,204895.5,-30.6333333333,0.230988215188,-33.74,0.0
,205224.5,-30.1596666667,0.236128260815,-33.3133333333,0.169181033873
,205618.5,-30.666,0.240049994793,-33.3026666667,0.327240312648
,205947.5,-30.2086666667,0.244454949269,-33.028,0.704
,206220.5,-30.519,0.147,-32.85,0.77
,206509.5,-30.1596666667,0.236128260815,-32.394,0.907349987601
,206818.5,-30.4863333333,0.199373741724,-32.3986666667,0.287607757584
,207136.5,-30.1106666667,0.21668615297,-33.04,0.507543101618
,207500.5,-30.372,0.265385254551,-33.6106666667,0.309310343973
,207814.5,-29.98,1.06581410364e-14,-32.71,0.91
,208072.5,-29.8166666667,0.230988215188,-31.882,0.426
,208351.5,-29.588,0.233286661999,-33.52,0.12
,208605.5,-29.8003333333,0.236128260815,-33.948,0.179599554565
,208858.5,-29.6373333333,0.312558616725,-32.508,0.258487910742
,209297.5,-29.7676666667,0.242812456206,-34.59,0.245967477525
,209711.5,-29.539,0.231564965686,-34.48,1.42108547152e-14
,210146.5,-29.6533333333,0.230988215188,-34.7533333333,0.237954243968
,210595.5,-29.4573333333,0.1759153837,-34.54,1.42108547152e-14
,211195.5,-29.5883333333,0.52613739228,-33.1306666667,0.150353657163
57,212342.5,-29.9963333333,0.0879576918499,-33.092,0.0299332590942
,212741.5,-30.1923333333,0.242812456206,-32.7293333333,0.376607074932
,213024.5,-29.931,0.147,-31.94,0.72
,213268.5,-30.078,0.408006535895,-33.334,0.0253771550809
,213551.5,-29.8166666667,0.263367086444,-32.99,0.79
,213915.5,-30.1923333333,0.242812456206,-34.288,0.744
,214219.5,-29.7186666667,0.244454949269,-34.068,0.293284844477
,214598.5,-30.1923333333,0.242812456206,-34.1946666667,0.204543937144
,215112.5,-29.8166666667,0.263367086444,-34.868,0.476587872275
,215512.5,-30.0943333333,0.242812456206,-34.33,0.469574275275
,215810.5,-29.8166666667,0.230988215188,-31.974,0.357440904207
,216119.5,-30.176,0.240049994793,-30.152,0.69392795015
,216458.5,-29.833,0.257735652688,-31.282,0.938954737993
,216962.5,-30.062,0.692239842829,-32.1613333333,0.0798220242512
,217246.5,-29.833,0.257735652688,-32.1093333333,0.150353657163
,217565.5,-29.9636666667,0.267886584625,-32.404,0.879854533432
,218104.5,-29.7513333333,0.275254225924,-32.868,0.0299332590942
,218401.5,-30.0943333333,0.242812456206,-33.038,0.0107703296143
,218910.5,-29.5716666667,0.182612218162,-32.1093333333,0.0747856195327
,219244.5,-30.029,0.292635723497,-31.6146666667,0.118426723711
,219577.5,-29.637,0.224546209053,-30.0133333333,0.0754247233266
,219896.5,-29.9473333333,0.250917427764,-29.1733333333,0.754247233266
,220393.5,-29.6206666667,0.21668615297,-32.1786666667,0.169621801534
,220900.5,-29.9473333333,0.333135941555,-33.818,0.0289136645896
,221222.5,-29.637,0.287113798577,-32.7466666667,0.584541605781
,221640.5,-29.8983333333,0.182612218162,-32.092,0.344928978197
,221989.5,-29.5716666667,0.285249403544,-30.176,0.0598665181884
,222338.5,-29.7513333333,0.244454949269,-30.3333333333,0.886240499087
,222833.5,-29.4083333333,0.336720292759,-30.746,0.27914870589
,223292.5,-29.7186666667,0.275254225924,-31.42,0.367695526217
,223721.5,-29.245,0.245,-32.32,0.0282842712475
,224178.5,-29.686,0.240049994793,-31.604,0.272
,224497.5,-29.4083333333,0.401746879957,-30.86,0.36
,224845.5,-29.7023333333,0.242812456206,-30.744,0.0783836717691
,225245.5,-29.4736666667,0.322143687747,-31.6813333333,0.668509453104
,225684.5,-29.6043333333,0.207246766494,-32.48,0.11313708499
,226243.5,-29.3756666667,0.372815265543,-31.82,0.04472135955
,226552.5,-29.6696666667,0.236128260815,-31.4186666667,0.0698442712198
,226934.5,-29.294,0.240049994793,-33.07,0.43
,227252.5,-29.6696666667,0.267886584625,-31.73,0.67
,227772.5,-29.196,0.240049994793,-34.0226666667,0.321443964358
,228322.5,-29.523,0.435531476092,-33.968,0.344
,228696.5,-29.245,0.245,-31.6413333333,0.138749974975
,229054.5,-29.49,7.1054273576e-15,-31.0166666667,0.722995312725
,229388.5,-29.2286666667,0.244454949269,-30.5573333333,0.234477196238
,229667.5,-29.4573333333,0.1759153837,-29.9533333333,0.150849446653
,230036.5,-29.2613333333,0.275254225924,-30.52,1.06581410364e-14
,230365.5,-29.4736666667,0.0879576918499,-30.24,7.1054273576e-15
,230668.5,-29.1306666667,0.21668615297,-30.2286666667,0.0610318678142
,231007.5,-29.441,0.147,-30.0786666667,0.1005230764
,231376.5,-29.2286666667,0.275254225924,-31.96,1.42108547152e-14
,231810.5,-29.4736666667,0.0879576918499,-31.352,0.0448998886413
,232189.5,-29.196,0.240049994793,-31.7013333333,0.169621801534
,232556.5,-29.4736666667,0.0879576918499,-30.704,0.512
,232990.5,-28.7123333333,0.266779351192,-30.43,0.09
,233459.5,-28.904,0.192,-29.714,0.0297321374946
,234307.5,-28.536,0.0861626369142,-29.84,0.2
57,235515.5,-29.441,0.147,-30.9333333333,0.216846079564
,235959.5,-29.164,0.290695717203,-31.3293333333,0.0747856195327
,236258.5,-29.343,0.257735652688,-31.68,1.7763568394e-14
,236642.5,-29.0656666667,0.274586760221,-32.012,0.0594642749893
,237041.5,-29.441,0.193947587422,-32.4546666667,0.351830767399
,237450.5,-29.049,0.147,-31.82,0.42
,237809.5,-29.4083333333,0.285249403544,-31.9706666667,0.778232755814
,238168.5,-29.1143333333,0.207246766494,-31.52,1.06581410364e-14
,238531.5,-29.4246666667,0.302938204186,-30.796,0.0265329983228
,238840.5,-29.0163333333,0.0879576918499,-30.44,0.76
,239222.5,-29.3103333333,0.267886584625,-32.4666666667,0.385515527861
,239591.5,-29.0326666667,0.122227474635,-32.9666666667,0.394912085857
,239960.5,-29.392,0.294,-31.6746666667,0.118426723711
,240248.5,-29.0163333333,0.0879576918499,-30.706,0.140014284985
,240680.5,-29.4083333333,0.285249403544,-31.036,0.272
,241059.5,-29.2126666667,0.272946067119,-30.5613333333,0.149571239065
,241352.5,-29.3106666667,0.462939400882,-30.74,7.1054273576e-15
,241651.5,-29.196,0.240049994793,-31.46,1.42108547152e-14
,241953.5,-29.213,0.804570900128,-32.216,0.488
,242241.5,-29.1963333333,0.27051165512,-31.936,0.416249924925
,242530.5,-29.3266666667,0.230988215188,-30.176,0.9504020202
,243099.5,-29.1473333333,0.337193646968,-32.14,7.1054273576e-15
,243539.0,-29.4736666667,0.296259833405,-31.3,0.397994974843
,243912.5,-29.2123333333,0.242812456206,-30.5346666667,0.0789824171713
,244296.5,-29.4573333333,0.122227474635,-30.7866666667,0.049888765157
,244696.5,-29.2613333333,0.275254225924,-29.4,1.42108547152e-14
,245180.5,-29.3756666667,0.207246766494,-27.24,7.1054273576e-15
,245529.5,-29.1316666667,0.306170794746,-27.1233333333,0.678273953175
,246038.5,-29.3266666667,0.230988215188,-31.612,0.382120399874
,246412.5,-29.099,0.292008561518,-32.744,0.862823272751
,246736.5,-29.2123333333,0.242812456206,-33.576,0.888
,247135.5,-29.0023333333,0.331327464737,-32.848,0.0795989949685
,247554.5,-29.343,0.224546209053,-32.352,0.179599554565
,247888.5,-29.0026666667,0.354202704049,-31.58,1.06581410364e-14
,248222.5,-29.245,0.245,-30.8293333333,0.0399110121256
,248551.5,-28.9053333333,0.315992967573,-31.2626666667,0.0951816975871
,248829.5,-29.0983333333,0.232451906615,-31.3186666667,0.0798220242512
,249336.5,-28.906,0.36241412776,-31.8853333333,0.129710789408
,249673.5,-29.2123333333,0.242812456206,-31.76,0.4
,250031.5,-28.904,0.192,-31.288,0.478932145507
,250390.5,-29.2123333333,0.242812456206,-30.868,0.981720937945
,250794.5,-28.8723333333,0.246626348056,-31.0633333333,0.211476292341
,251178.5,-29.1636666667,0.262545022594,-30.6733333333,0.235702260396
,251562.5,-28.888,0.203017240647,-31.55,0.161554944214
,251987.0,-29.1796666667,0.236128260815,-31.2346666667,0.274174316003
,252290.5,-28.9046666667,0.26145405375,-30.3073333333,0.857772049492
,252639.5,-29.066,0.530858424315,-31.84,0.894427191
,253018.5,-28.9696666667,0.304723736449,-33.096,0.232
,253272.5,-29.0823333333,0.536088819341,-32.632,0.464
,253575.5,-28.97,0.329484445763,-32.304,0.513248477835
,254085.5,-29.1796666667,0.236128260815,-33.9253333333,0.129710789408
,254700.5,-28.8886666667,0.269687885445,-32.5633333333,0.296066809277
,255059.0,-29.2286666667,0.244454949269,-31.52,1.06581410364e-14
,255382.5,-28.872,0.212263986583,-31.52,1.06581410364e-14
,255696.5,-29.245,0.245,-30.52,1.06581410364e-14
,256065.5,-28.8563333333,0.253304603634,-30.984,0.128312119459
,256454.5,-29.18,0.267058046125,-32.1,0.96
,256973.5,-28.5036666667,0.0879576918499,-33.44,2.84217094304e-14
,258025.5,-28.568,0.144,-32.0373333333,0.154206211145
59,259606.5,-29.0163333333,0.0879576918499,-30.908,0.0594642749893
,259955.5,-29.327,0.262337568793,-30.836,0.913577582912
,260212.5,-28.824,0.231309316717,-30.72,0.678822509939
,260600.5,-29.1473333333,0.256916761271,-31.472,0.896
,260847.5,-28.4993333333,0.875861226958,-31.0733333333,0.556257334533
,261115.5,-29.1143333333,0.207246766494,-29.4,1.42108547152e-14
,261519.5,-28.8403333333,0.258824050059,-31.1653333333,0.336964224939
,261863.5,-29.098,0.196,-30.3973333333,0.734079620265
,262171.5,-28.792,0.237857099957,-31.5733333333,1.2539360253
,262651.5,-29.1963333333,0.27051165512,-33.1933333333,0.301698893306
,263000.5,-28.8083333333,0.2666593749,-30.7213333333,0.149571239065
,263429.5,-29.098,0.196,-29.6033333333,0.842410562348
,263823.5,-28.9366666667,0.240988704207,-31.92,1.06581410364e-14
,264111.5,-29.0003333333,0.125232672343,-31.2933333333,0.52174919475
,264410.5,-28.744,0.239466072754,-31.766,0.815698473702
,264714.5,-29.0166666667,0.152999636891,-31.0813333333,0.94451304326
,264992.5,-28.6963333333,0.263419606121,-30.9733333333,0.895668589503
,265346.5,-29.0493333333,0.193027344062,-31.132,1.0875734458
,265635.5,-28.744,0.239466072754,-30.66,0.930806102258
,265933.5,-28.9843333333,0.320152914853,-30.2146666667,1.05247560014
,266197.5,-28.824,0.231309316717,-29.888,0.553765293243
,266867.5,-28.984,0.0861626369142,-31.14,0.12
,267274.5,-28.8243333333,0.263257584042,-30.984,0.311615147257
,267698.5,-29.0666666667,0.30050328155,-30.9,0.395979797464
,268042.5,-28.696,0.231309316717,-30.37,0.97
,268381.5,-29.1146666667,0.241988062148,-31.1033333333,0.915599378671
,268669.5,-28.6796666667,0.258824050059,-31.142,1.1000890873
,268996.5,-29.1146666667,0.241988062148,-31.61,1.15
,269314.5,-34.0823333333,6.17505232546,-31.88,0.92
,269708.5,-29.1306666667,0.21668615297,-31.96,1.42108547152e-14
,270042.5,-28.696,0.231309316717,-30.6913333333,0.0610318678142
,270401.5,-29.196,0.240049994793,-30.852,0.256624238918
,270925.5,-28.9203333333,0.218486968846,-30.496,0.0293938769134
,271335.5,-29.1473333333,0.256916761271,-29.5533333333,0.28323527715
,271643.5,-28.857,0.334256887239,-28.488,0.144
,271937.5,-30.387,1.07906796202,-29.68,1.7763568394e-14
,272271.5,-28.905,0.290008620562,-29.9146666667,0.0789824171713
,272605.5,-29.1633333333,0.230988215188,-29.9373333333,0.210759473229
,272893.5,-28.7926666667,0.32284086207,-30.06,2.13162820728e-14
,273160.5,-29.196,0.240049994793,-29.9206666667,0.183119875734
,273493.5,-28.7583333333,0.663295225036,-29.2906666667,0.910966275751
,273802.5,-29.1963333333,0.27051165512,-29.3,0.848528137424
,274201.5,-28.7923333333,0.269068557972,-29.9733333333,0.10434983895
,274545.5,-29.2123333333,0.242812456206,-30.38,0.282842712475
,274949.5,-28.744,0.239466072754,-30.262,0.594
,275257.5,-29.1796666667,0.236128260815,-29.76,0.1788854382
,275641.5,-28.792,0.237857099957,-30.636,0.088
,276071.5,-29.3433333333,0.256662337626,-31.296,0.164632925018
,276440.5,-28.9863333333,0.342456647702,-30.688,0.136
,276778.5,-29.1796666667,0.322143687747,-31.3,1.42108547152e-14
,277228.5,-28.8886666667,0.269687885445,-31.5866666667,0.1490711985
,277516.5,-29.3433333333,0.256662337626,-32.14,7.1054273576e-15
,277885.5,-28.744,0.239466072754,-32.192,0.0733212111193
,278342.5,-29.18,0.267058046125,-32.7966666667,0.081989159175
,278776.5,-28.792,0.237857099957,-33.08,0.0748331477355
,279218.5,-28.984,0.0861626369142,-32.92,1.42108547152e-14
,279707.5,-28.7923333333,0.269068557972,-33.1126666667,0.194558188954
,280227.5,-29.0983333333,0.232451906615,-31.8,1.42108547152e-14
58,291759.5,-28.4053333333,0.241988062148,-31.58,1.06581410364e-14
,292635.5,-28.5036666667,0.0879576918499,-31.0826666667,0.0848109007669
,293200.5,-28.1606666667,0.378144005491,-31.0213333333,0.169621801534
,293564.5,-28.4693333333,0.316005625829,-30.7926666667,0.702101290572
,294134.5,-28.226,0.240049994793,-29.46,0.22627416998
,294513.5,-28.648,0.212263986583,-29.3613333333,0.627947626974
,294917.5,-28.0953333333,0.166567970777,-29.44,0.253771550809
,295376.5,-28.47,0.261839645585,-30.106,0.138
,295745.5,-28.2913333333,0.244454949269,-31.4133333333,0.249443825785
,296059.5,-28.4543333333,0.302331863282,-31.2926666667,1.02080338732
,296403.0,-28.1443333333,0.207246766494,-32.148,1.018987733
,296721.5,-28.52,1.06581410364e-14,-33.024,0.999391815056
,297030.5,-28.275,0.245,-32.428,1.0177308092
,297379.5,-28.52,1.06581410364e-14,-31.4546666667,0.672169290845
,297723.5,-28.3396666667,0.29475960073,-31.798,0.486
,298046.5,-29.0826666667,0.335031673461,-32.1466666667,0.199555060628
,298461.5,-28.518,0.306750713121,-30.99,0.25
,298885.5,-28.632,0.203017240647,-32.4166666667,0.096896279025
,299294.5,-28.3563333333,0.262545022594,-32.644,0.101508620324
,299663.5,-28.824,0.231309316717,-33.2873333333,0.0394912085857
,299966.5,-28.422,0.196,-32.8,1.42108547152e-14
,300315.5,-28.712,0.235151015307,-31.696,0.0407921561087
,300654.5,-28.4546666667,0.166567970777,-31.004,0.291862981551
,300966.5,-28.664,0.219963633358,-29.894,0.27914870589
,301329.5,-28.4873333333,0.122227474635,-30.1986666667,0.578709675821
,301603.5,-28.712,0.235151015307,-29.0393333333,0.905118531219
,301886.5,-28.583,0.271663394663,-30.06,2.13162820728e-14
,302215.5,-28.744,0.239466072754,-31.1386666667,0.154655171987
,302559.5,-28.52,1.06581410364e-14,-31.52,1.06581410364e-14
,302853.5,-28.712,0.235151015307,-31.408,0.254432702301
,303166.5,-28.5353333333,0.197006486075,-32.36,7.1054273576e-15
,303500.5,-28.696,0.231309316717,-32.4906666667,0.0747856195327
,303844.5,-28.5036666667,0.0879576918499,-32.014,0.284119693087
,304181.5,-28.808,0.235151015307,-30.044,0.416249924925
,304569.5,-28.536,0.0861626369142,-28.896,0.552
,304958.5,-28.792,0.237857099957,-31.078,0.155807573628
,305277.5,-28.536,0.0861626369142,-30.074,0.174137876408
,305544.5,-28.84,0.22627416998,-29.96,1.06581410364e-14
,305787.5,-28.387,0.603496202694,-31.24,7.1054273576e-15
,306015.5,-28.564,0.670132325241,-30.178,0.354
,306314.5,-28.76,0.24,-31.1633333333,0.171431878275
,306592.5,-28.8883333333,0.238692037758,-30.2173333333,0.27749994995
,306851.5,-28.6793333333,0.314302755671,-28.29,0.424852915725
,307195.5,-28.953,0.260539824211,-28.66,0.254558441227
,307609.5,-28.664,0.219963633358,-29.8206666667,0.427223074699
,308068.5,-29.0663333333,0.273245717665,-30.1493333333,0.0747856195327
,308465.5,-28.792,0.237857099957,-29.516,0.329945450037
,308728.5,-28.8876666667,0.514053715308,-28.32,1.42108547152e-14
,308980.5,-28.7273333333,0.32284086207,-30.2933333333,0.198214249964
,309273.5,-28.855,0.797553550971,-29.352,1.26393670728
,309581.5,-28.728,0.237857099957,-29.9733333333,0.499688792038
,309945.5,-28.984,0.0861626369142,-30.0933333333,0.481894409827
,310319.5,-28.872,0.212263986583,-30.24,7.1054273576e-15
,310698.5,-29.0,0.0,-30.7733333333,0.179133717901
,311052.5,-28.824,0.231309316717,-29.172,0.83249984985
,311351.5,-28.968,0.119733036377,-28.78,0.891964124839
,311655.5,-28.792,0.237857099957,-29.14,0.848528137424
,312109.5,-29.0003333333,0.125232672343,-30.296,0.088
,312759.5,-28.728,0.237857099957,-30.6493333333,0.150353657163
59,315853.5,-29.245,0.245,-29.7706666667,0.150353657163
,316258.5,-28.9543333333,0.361576947397,-29.9513333333,0.09304956863
,316687.5,-29.2123333333,0.242812456206,-30.0853333333,0.186685713314
,317005.5,-29.0846666667,0.417130941339,-30.458,0.0107703296143
,317369.5,-29.2776666667,0.242812456206,-30.8913333333,0.09304956863
,317758.5,-29.1316666667,0.306170794746,-31.428,0.568239386175
,318273.5,-29.441,0.147,-31.6693333333,0.184588431081
,318843.5,-29.1473333333,0.401737338181,-31.97,0.23
,319202.5,-29.4573333333,0.281009292057,-31.704,0.822522948008
,319555.5,-29.1143333333,0.207246766494,-32.46,1.42108547152e-14
,319849.5,-29.441,0.26387307555,-31.92,1.06581410364e-14
,320126.5,-29.196,0.240049994793,-31.1133333333,0.199555060628
,320544.5,-29.6533333333,0.230988215188,-31.12,0.3577708764
,320893.5,-29.3103333333,0.267886584625,-31.88,0.0282842712475
,321225.5,-29.5883333333,0.318947052381,-31.3953333333,0.703660587373
,321528.5,-29.441,0.343,-30.66,0.763675323681
,321855.5,-29.784,0.449092418106,-30.944,0.470302030614
,322173.5,-29.4736666667,0.346097128307,-30.64,1.17575507654
,322540.5,-29.7186666667,0.275254225924,-31.402,0.944010593161
,322904.5,-29.539,0.343,-30.46,1.42108547152e-14
,323288.5,-29.7513333333,0.244454949269,-30.268,0.107777548682
,323606.5,-29.5553333333,0.328295936957,-29.348,0.989593856084
,324066.5,-29.7186666667,0.244454949269,-30.74,7.1054273576e-15
,324545.5,-29.539,0.343,-31.172,0.451060971488
,324864.5,-29.7676666667,0.273796558699,-31.4493333333,0.645636292523
,325167.5,-29.539,0.343,-31.5333333333,0.52174919475
,325541.5,-29.7023333333,0.242812456206,-32.8373333333,0.409087874287
,325971.0,-29.5063333333,0.0879576918499,-33.4526666667,0.194558188954
,326334.5,-29.7676666667,0.242812456206,-31.9506666667,0.309310343973
,326618.5,-29.3436666667,0.593135641223,-31.132,1.02649695567
,326902.5,-29.784,0.271349712855,-31.3626666667,0.234477196238
,327185.5,-29.5716666667,0.285249403544,-32.654,0.138
,327599.5,-29.7676666667,0.273796558699,-32.9893333333,0.309310343973
,327983.5,-29.5226666667,0.356351262411,-33.512,0.684
,328322.5,-29.8653333333,0.449041448223,-34.42,1.42108547152e-14
,328656.5,-29.6206666667,0.308176716981,-33.66,0.0748331477355
,328925.5,-29.6696666667,0.236128260815,-33.012,0.184
,329233.5,-29.637,0.338301147894,-31.604,0.424527973165
,329597.5,-29.882,0.196,-32.52,1.42108547152e-14
,329994.5,-29.7023333333,0.301614360106,-32.3,0.22
,330343.5,-29.8983333333,0.182612218162,-32.488,0.934845441771
,330817.5,-29.6206666667,0.333135941555,-33.142,0.0274954541697
,331141.5,-29.7676666667,0.273796558699,-32.248,0.849055946331
,331469.5,-29.425,0.326871534398,-32.024,0.672
,331798.5,-29.7676666667,0.273796558699,-32.1066666667,0.645875805055
,332107.5,-29.49,0.126517455976,-32.224,0.352
,332396.5,-29.784,0.240049994793,-32.18,0.636867333124
,332654.5,-29.6206666667,0.250917427764,-31.304,0.808
,332891.5,-29.6376666667,0.456798156252,-32.64,0.183303027798
,333174.5,-29.5226666667,0.333135941555,-31.688,0.478932145507
,333517.5,-29.8003333333,0.236128260815,-30.4793333333,0.106016770162
,333841.5,-29.49,7.1054273576e-15,-28.8733333333,0.433692159128
,334185.5,-29.833,0.224546209053,-28.2133333333,0.596284794
,335169.5,-29.4736666667,0.0879576918499,-31.34,1.06581410364e-14
,335939.5,-29.5716666667,0.182612218162,-32.3233333333,0.081989159175
,336384.5,-29.3266666667,0.263367086444,-33.4646666667,0.414429192451
,337576.5,-29.6206666667,0.21668615297,-31.856,0.0149666295471
57,339752.5,-29.4736666667,0.15408835849,-30.732,0.224
,340201.5,-29.6206666667,0.250917427764,-30.524,0.0783836717691
,340588.5,-29.2776666667,0.273796558699,-30.52,1.06581410364e-14
,340931.5,-29.4736666667,0.0879576918499,-30.52,0.2683281573
,341265.5,-29.2613333333,0.244454949269,-30.3546666667,0.12382065884
,341579.5,-29.4736666667,0.0879576918499,-29.86,0.507543101618
,341863.5,-29.196,0.240049994793,-29.52,1.06581410364e-14
,342151.5,-29.49,0.178922702118,-30.4826666667,0.210759473229
,342525.5,-29.294,0.271349712855,-31.6366666667,0.231060357675
,342852.5,-29.4736666667,0.0879576918499,-31.6453333333,0.118426723711
,343110.5,-29.3103333333,0.267886584625,-30.7333333333,0.441915024511
,343328.5,-29.458,0.416440471936,-31.37,0.478016736109
,343562.5,-29.1316666667,0.518176825246,-31.314,0.540743932005
,343785.5,-29.442,0.608765964883,-29.9586666667,0.561923680069
,344012.5,-29.2786666667,0.720877859896,-30.9153333333,0.38016429197
,344315.5,-29.6206666667,0.250917427764,-29.932,0.969997938142
,344623.5,-29.343,0.257735652688,-30.3533333333,0.782531504513
,344937.5,-29.5063333333,0.236128260815,-28.938,1.03566210706
,345324.5,-29.245,0.245,-32.318,1.09121766848
,345989.5,-29.5226666667,0.1759153837,-33.6873333333,0.0394912085857
,346247.5,-29.2613333333,0.244454949269,-31.9453333333,0.5549998999
,346496.5,-29.4743333333,0.344244906361,-29.82,0.6
,346784.5,-29.196,0.240049994793,-31.4146666667,0.0548776416727
,347259.5,-29.4736666667,0.0879576918499,-31.62,0.0
,347608.5,-29.5716666667,0.421197367302,-31.788,0.0448998886413
,347941.5,-29.5226666667,0.1759153837,-31.9833333333,0.081989159175
,348225.5,-29.294,0.240049994793,-31.3,1.42108547152e-14
,348493.5,-29.5553333333,0.244454949269,-30.0733333333,0.0754247233266
,348732.5,-29.1643333333,0.508761131464,-27.996,0.841275222505
,349086.5,-29.8166666667,0.386517212496,-29.8793333333,0.183119875734
,349405.5,-29.4736666667,0.267886584625,-29.3993333333,1.05052981342
,349869.5,-29.5226666667,0.122227474635,-30.1626666667,0.194575321034
,350388.5,-29.5393333333,0.478552911274,-29.8953333333,0.10901783748
,350667.5,-29.9636666667,0.513656716322,-28.73,0.870689382042
,350925.5,-29.4083333333,0.285249403544,-29.1453333333,0.244454949269
,351199.5,-29.7023333333,0.242812456206,-31.1066666667,0.188561808316
,351437.5,-29.262,0.530919956302,-29.1573333333,0.888680419999
,351761.5,-29.784,0.240049994793,-30.76,0.31304951685
,352085.5,-29.5063333333,0.0879576918499,-30.952,0.224
,352379.5,-29.735,0.245,-31.1946666667,0.0789824171713
,352652.5,-29.686,0.240049994793,-31.9726666667,0.194558188954
,352901.5,-29.866,0.371605525614,-31.0133333333,0.556257334533
,353134.5,-29.621,0.487485726287,-30.504,0.648
,353421.5,-29.8983333333,0.255657105427,-30.508,0.137171425596
,353774.5,-29.6533333333,0.263367086444,-30.75,0.603738353925
,354246.5,-30.0616666667,0.255657105427,-30.492,0.064
,354670.5,-29.7023333333,0.242812456206,-31.5293333333,0.0792856999857
,355513.5,-29.9636666667,0.0879576918499,-31.7853333333,0.274174316003
,355907.5,-29.6696666667,0.236128260815,-30.68,1.7763568394e-14
,356231.5,-29.98,1.06581410364e-14,-29.292,0.224
,356565.5,-29.7023333333,0.242812456206,-30.2933333333,0.867384318255
,356944.5,-29.98,1.06581410364e-14,-31.2346666667,0.937499274074
,357223.5,-29.7676666667,0.301614360106,-30.7666666667,0.798220242512
,357622.5,-29.9636666667,0.0879576918499,-32.0366666667,0.233357141642
,357991.5,-29.7676666667,0.273796558699,-30.796,0.37146197652
,358355.0,-29.9473333333,0.122227474635,-30.216,0.713571299871
,358899.5,-29.539,0.343,-31.52,1.06581410364e-14
57,359677.5,-29.9636666667,0.0879576918499,-31.936,0.048
,360315.5,-29.4246666667,0.166567970777,-31.6893333333,0.176766009805
,360759.5,-29.8493333333,0.250917427764,-31.62,0.0
,361093.5,-29.5063333333,0.322143687747,-31.6506666667,0.778232755814
,361411.5,-29.67,0.637045262651,-31.9593333333,0.617510773635
,361690.5,-29.5553333333,0.302938204186,-30.79,0.89
,362169.5,-29.784,0.240049994793,-31.49,0.31
,362528.5,-29.5226666667,0.308176716981,-31.514,0.735937497346
,362837.5,-29.7186666667,0.244454949269,-31.69,0.595734840344
,363126.5,-29.49,0.379552367928,-30.04,0.2
,363449.5,-29.686,0.240049994793,-29.1946666667,0.518843157633
,363758.5,-29.5063333333,0.267886584625,-29.5066666667,1.09755283345
,364090.5,-29.8163333333,0.477510791036,-31.1,1.18928549979
,364413.5,-29.6533333333,0.29217954906,-31.92,0.734846922835
,364745.5,-29.9636666667,0.236128260815,-31.694,0.925680290381
,365068.5,-29.7023333333,0.242812456206,-31.576,0.586569688954
,365382.5,-29.9473333333,0.122227474635,-30.5866666667,0.527973063286
,365701.5,-29.7676666667,0.242812456206,-30.132,1.08148786401
,366125.5,-29.9636666667,0.0879576918499,-31.2066666667,0.131993265821
,366514.5,-29.8983333333,0.285249403544,-30.332,0.576
,366963.5,-30.1433333333,0.230988215188,-31.556,0.0783836717691
,367310.5,-30.029,0.318813947834,-31.228,0.584
,367633.5,-30.225,0.245,-30.9933333333,0.4173993558
,367892.5,-30.0616666667,0.255657105427,-30.552,0.356785649936
,368130.5,-30.0946666667,0.764734085956,-29.3546666667,0.42904338035
,368439.5,-30.1596666667,0.267886584625,-32.072,0.204
,368793.5,-30.4046666667,0.166567970777,-32.7773333333,0.0848109007669
,369051.5,-30.2086666667,0.275254225924,-31.452,0.659890900074
,369300.5,-30.5026666667,0.454994017055,-29.488,0.212263986583
,369583.5,-30.274,0.240049994793,-28.848,0.258487910742
,370058.5,-30.4863333333,0.15408835849,-29.68,1.7763568394e-14
,370417.5,-30.6986666667,0.328295936957,-30.6373333333,0.194575321034
,370735.5,-30.4863333333,0.15408835849,-30.5213333333,0.300707314326
,371129.5,-30.3883333333,0.285249403544,-30.5746666667,0.37219827452
,371629.5,-30.7963333333,0.341501423456,-32.712,0.264
,372209.5,-30.4536666667,0.322143687747,-32.76,0.0
,372482.5,-30.7803333333,0.236128260815,-30.4873333333,0.448329739763
,372791.5,-30.5843333333,0.242812456206,-29.14,0.49193495505
,373416.5,-30.846,0.483194922711,-30.8066666667,0.099777530314
,373850.5,-30.715,0.245,-31.5666666667,0.1192569588
,374129.5,-31.058,0.265385254551,-31.1006666667,0.227946387459
,374372.5,-30.3563333333,0.710415293254,-29.0933333333,0.424054503834
,374614.5,-31.058,0.320066659724,-30.7813333333,0.0771031055723
,374877.5,-30.7803333333,0.236128260815,-29.7413333333,0.566037297554
,375286.5,-31.107,0.224546209053,-31.188,0.285545092761
,375790.5,-30.7476666667,0.242812456206,-31.18,1.7763568394e-14
,376167.5,-31.1233333333,0.263367086444,-31.62,0.0
,376571.5,-30.6986666667,0.244454949269,-31.8226666667,0.513854281117
,376874.5,-31.0906666667,0.281009292057,-31.0866666667,0.2086996779
,377163.5,-30.6823333333,0.242812456206,-29.3366666667,0.530083850809
,379264.5,-30.7803333333,0.236128260815,-30.7266666667,0.10434983895
,389832.5,-29.735,0.245,-31.1426666667,0.0951816975871
,390648.5,-29.98,1.06581410364e-14,-30.9986666667,0.287607757584
,391642.5,-29.6043333333,0.207246766494,-32.25,0.11
,392478.5,-29.9146666667,0.166567970777,-31.662,0.0761314652427
,392962.5,-29.784,0.240049994793,-31.388,0.024
,393356.5,-29.931,0.26387307555,-31.68,1.7763568394e-14
,393946.5,-29.5553333333,0.166567970777,-31.02,1.06581410364e-14
,394461.5,-29.784,0.299394945404,-30.78,2.13162820728e-14
,394900.5,-29.686,0.325029229455,-31.4286666667,0.168735163957
,395339.5,-29.8656666667,0.207246766494,-31.5773333333,0.0707546621942
61,398142.5,-29.5716666667,0.182612218162,-31.758,0.155807573628
,398536.5,-29.6533333333,0.230988215188,-31.756,0.648
,398915.5,-29.49,0.126517455976,-31.7866666667,0.298142397
,399289.5,-29.7186666667,0.244454949269,-31.2733333333,0.49888765157
,399663.5,-29.4246666667,0.209168725089,-31.524,0.648
,400429.5,-29.7023333333,0.242812456206,-32.782,0.210798481968
,400828.5,-29.4736666667,0.409637915997,-32.86,0.40249223595
,401182.5,-29.833,0.224546209053,-31.096,0.166565302509
,401541.5,-29.7023333333,0.273796558699,-31.3066666667,1.26336411572
,401869.5,-29.98,1.06581410364e-14,-31.8373333333,0.86674461188
,402233.5,-29.7186666667,0.244454949269,-33.16,2.13162820728e-14
,402557.5,-29.9636666667,0.0879576918499,-31.68,1.7763568394e-14
,402809.5,-29.7676666667,0.273796558699,-30.846,0.0867409937688
,403177.5,-30.0453333333,0.209168725089,-31.7273333333,0.391321975985
,404086.5,-29.8003333333,0.236128260815,-31.438,0.0289136645896
,404359.5,-30.176,0.240049994793,-29.8466666667,0.63168205786
,404653.5,-29.9146666667,0.351830767399,-30.0,1.0733126292
,404941.5,-30.2086666667,0.244454949269,-31.46,1.42108547152e-14
,405331.0,-29.9636666667,0.15408835849,-31.3066666667,0.199555060628
,405704.5,-30.274,0.240049994793,-31.6033333333,0.708088192875
,406008.5,-29.98,1.06581410364e-14,-31.34,0.366606055596
,406275.5,-30.2903333333,0.236128260815,-29.9333333333,1.25292546555
,406528.5,-29.9643333333,0.57062353809,-30.62,0.0
,406786.5,-30.2413333333,0.244454949269,-32.876,0.421312235759
,407040.5,-30.013,0.331633834221,-31.72,0.84970583145
,407328.5,-30.3066666667,0.263367086444,-33.56,2.84217094304e-14
,407602.5,-30.0126666667,0.250917427764,-32.26,0.397994974843
,407825.5,-30.111,0.51928380166,-30.244,1.02324190688
,408084.5,-29.98,0.253034911952,-32.2306666667,0.0169181033873
,408392.5,-30.176,0.271349712855,-31.3,0.791959594929
,409158.5,-29.8166666667,0.230988215188,-31.3853333333,0.0798220242512
,409683.0,-30.127,0.224546209053,-31.516,0.112
,410041.5,-29.7676666667,0.273796558699,-31.02,1.06581410364e-14
,410290.5,-29.9473333333,0.250917427764,-32.328,0.578079579297
,410579.0,-29.7186666667,0.275254225924,-32.032,0.627069374152
,410917.5,-29.9963333333,0.15408835849,-31.7346666667,0.668509453104
,411201.5,-29.7676666667,0.242812456206,-30.994,0.815698473702
,411550.5,-29.98,1.06581410364e-14,-31.04,0.64
,411833.5,-29.8003333333,0.236128260815,-30.2706666667,0.415683640391
,412061.5,-29.8006666667,0.527578956703,-30.828,0.0795989949685
,412285.0,-29.7026666667,0.349560994519,-30.0206666667,0.649337782326
,412507.5,-29.9153333333,0.699350810077,-31.6153333333,0.364186155085
,412745.5,-29.6376666667,0.456798156252,-29.9613333333,0.330290108171
,413008.5,-29.9146666667,0.302938204186,-31.9466666667,0.207417989148
,413246.5,-29.5563333333,0.651554466044,-30.0386666667,0.471081969749
,413495.5,-29.8493333333,0.250917427764,-31.456,0.37146197652
,413794.5,-29.637,0.224546209053,-31.12,1.17575507654
,414137.5,-29.7843333333,0.543964970277,-31.4253333333,0.896659479525
,414511.5,-29.686,0.240049994793,-31.9493333333,0.0399110121256
,414996.5,-29.833,0.224546209053,-31.72,0.12
,415425.5,-29.882,0.196,-31.44,0.31304951685
,415839.5,-29.784,0.240049994793,-32.0586666667,0.158571399971
,416283.5,-29.5063333333,0.0879576918499,-31.832,0.064
,416798.5,-29.8,0.463033476112,-32.1493333333,0.0792856999857
54,417864.5,-29.5226666667,0.122227474635,-32.116,0.0611882341631
,418253.5,-29.7676666667,0.273796558699,-32.112,0.156767343538
,418577.5,-29.441,0.193947587422,-31.1413333333,0.94451304326
,418906.5,-29.588,0.196,-31.124,0.513248477835
,419195.5,-29.4736666667,0.236128260815,-30.76,0.86
,419448.5,-29.7026666667,0.325862274929,-29.5413333333,0.528820910664
,419705.5,-29.49,0.521644834474,-31.17,0.229128784748
,419998.5,-29.686,0.271349712855,-29.6773333333,1.00775305617
,420266.5,-29.3756666667,0.32707474511,-28.676,0.832
,420570.5,-29.686,0.240049994793,-30.086,0.198
,420919.5,-29.4246666667,0.209168725089,-31.544,0.0549909083395
,421253.5,-29.7186666667,0.244454949269,-30.24,0.489897948557
,421561.5,-29.4573333333,0.21668615297,-29.4933333333,0.725962962018
,421840.5,-29.735,0.245,-28.184,0.314299220489
,422068.5,-29.507,0.527447627732,-29.638,0.409433755326
,422292.5,-29.6213333333,0.503227803507,-28.7813333333,0.462311102566
,422535.5,-29.4093333333,0.520582579638,-30.884,0.389132368224
,422799.5,-29.7186666667,0.244454949269,-28.824,0.672
,423087.5,-29.441,0.318813947834,-31.4393333333,0.111293406014
,423446.5,-29.735,0.275738402597,-31.4466666667,0.298142397
,423755.5,-29.4083333333,0.182612218162,-31.154,0.102
,424024.5,-29.7676666667,0.273796558699,-31.51,0.022360679775
,424297.5,-29.3593333333,0.21668615297,-31.692,0.478932145507
,424574.5,-29.7513333333,0.244454949269,-31.4986666667,0.893277610202
,424877.5,-29.2616666667,0.350657319267,-32.3306666667,0.231155551283
,425201.5,-29.6696666667,0.236128260815,-33.472,0.184
,425484.5,-29.294,0.271349712855,-32.92,1.42108547152e-14
,425763.5,-29.6533333333,0.230988215188,-33.7373333333,0.0707546621943
,426067.0,-29.392,0.265385254551,-32.726,0.491532298023
,426340.5,-29.686,0.271349712855,-31.54,0.735391052434
,426577.5,-29.1316666667,0.576374203294,-31.5053333333,0.421518946457
,426860.5,-29.637,0.224546209053,-32.9586666667,0.790306832116
,427163.5,-29.441,0.193947587422,-31.788,0.718398218261
,427673.5,-29.588,0.265385254551,-32.6613333333,0.43337230594
,428278.5,-29.2616666667,0.484101114323,-31.8373333333,0.339243603068
,428687.5,-29.6696666667,0.236128260815,-32.408,0.194566184112
,428995.5,-29.2613333333,0.244454949269,-32.4,1.42108547152e-14
,429304.5,-29.6206666667,0.281009292057,-32.76,0.0
,429631.5,-29.2776666667,0.242812456206,-31.58,1.06581410364e-14
,429934.5,-29.5716666667,0.312047895184,-31.8333333333,0.124721912892
,430311.5,-29.1796666667,0.236128260815,-31.4586666667,0.0972876605171
,430604.5,-29.49,0.126517455976,-31.142,0.066
,430883.5,-29.245,0.275738402597,-32.15,0.27
,431232.5,-29.49,0.178922702118,-31.3013333333,0.00718021974285
,431565.5,-29.2286666667,0.244454949269,-30.996,0.0611882341631
,431980.5,-29.49,7.1054273576e-15,-30.3733333333,0.169181033873
,432389.5,-29.2613333333,0.244454949269,-30.9533333333,0.245130350811
,432728.5,-29.7513333333,0.244454949269,-29.6213333333,0.578709675821
,432966.5,-29.1153333333,0.529664883572,-28.8093333333,0.265668130485
,433265.5,-29.686,0.299394945404,-30.7633333333,0.186338998125
,433543.5,-29.3103333333,0.296259833405,-30.2173333333,0.27749994995
,433992.5,-29.6206666667,0.21668615297,-30.868,0.303736728105
,434376.5,-29.2286666667,0.275254225924,-31.8166666667,1.08076618912
,434725.5,-29.49,7.1054273576e-15,-32.98,1.42108547152e-14
,435054.5,-29.4083333333,0.182612218162,-33.12,0.215406592285
,435391.5,-29.4736666667,0.0879576918499,-31.63,0.022360679775
,435769.5,-29.2286666667,0.244454949269,-31.204,0.389132368224
57,437448.5,-29.5226666667,0.1759153837,-31.3626666667,0.13968854244
,437873.5,-29.196,0.271349712855,-31.208,0.0507543101618
,438181.5,-29.6696666667,0.236128260815,-31.098,0.889019684821
,438435.5,-29.229,0.327071347976,-29.816,0.689857956394
,438713.5,-29.6043333333,0.273796558699,-30.18,1.7763568394e-14
,439012.5,-29.196,0.240049994793,-32.7146666667,0.169621801534
,439244.5,-29.425,0.243211156542,-32.8733333333,0.160277537069
,439481.5,-29.213,0.411607823055,-31.2973333333,0.707064039218
,439730.5,-29.507,0.426803233352,-31.164,0.166565302509
,439998.5,-29.343,0.287113798577,-29.2906666667,0.414076750803
,440347.5,-29.6043333333,0.242812456206,-31.372,0.0530659966457
,440641.5,-29.3756666667,0.301614360106,-30.566,0.318
,440925.5,-29.637,0.257735652688,-31.6693333333,0.0399110121256
,441208.5,-29.245,0.245,-31.258,0.0274954541697
,441515.5,-29.7186666667,0.244454949269,-30.2313333333,0.799944720312
,441793.5,-29.246,0.652235131426,-29.3266666667,1.02766185532
,442077.5,-29.637,0.224546209053,-29.97,0.87
,442345.5,-29.1633333333,0.31839528193,-32.1633333333,0.186338998125
,442617.5,-29.6043333333,0.242812456206,-31.9253333333,0.229488319722
,442935.5,-29.0986666667,0.728856333961,-32.1093333333,1.18735261074
,443224.5,-29.6696666667,0.236128260815,-30.8666666667,0.575113515365
,443457.5,-29.148,0.473549715799,-30.0633333333,0.722995312725
,443736.5,-29.637,0.224546209053,-31.324,0.808197995543
,444069.5,-29.2126666667,0.272946067119,-32.034,0.954150931457
,444343.5,-29.6696666667,0.236128260815,-32.11,1.01197826064
,444581.5,-29.1316666667,0.603236180023,-31.62,0.713862731903
,444840.5,-29.6696666667,0.267886584625,-32.5013333333,0.279377084879
,445083.5,-29.099,0.694854181346,-30.96,1.42108547152e-14
,445397.5,-29.6696666667,0.236128260815,-32.92,1.42108547152e-14
,445681.5,-29.1803333333,0.479544807314,-32.5146666667,0.389116377907
,445909.5,-29.4743333333,0.707604801818,-31.0486666667,0.61870150764
,446127.5,-29.246,0.573908238891,-31.376,0.475714199914
,446336.5,-29.458,0.416440471936,-29.396,0.862823272751
,446574.5,-29.1803333333,0.495953514847,-29.09,0.373443436145
,446916.5,-29.5063333333,0.0879576918499,-29.984,1.10753058649
,447274.5,-29.3593333333,0.281009292057,-30.6153333333,1.02354525493
,447578.5,-29.49,7.1054273576e-15,-30.7533333333,0.603397786613
,447872.5,-29.245,0.245,-30.6573333333,0.8580867607
,448190.5,-29.5226666667,0.1759153837,-30.68,1.28
,448559.5,-29.245,0.245,-32.4746666667,0.727460117273
,448938.5,-29.49,7.1054273576e-15,-33.1,1.42108547152e-14
,449282.5,-29.2776666667,0.242812456206,-32.152,0.462618633434
,449656.5,-29.4736666667,0.0879576918499,-32.7346666667,1.07016426569
,449988.5,-29.2613333333,0.244454949269,-32.412,0.696
,450271.5,-29.5716666667,0.182612218162,-31.4633333333,0.247767812455
,450615.5,-29.2286666667,0.244454949269,-30.5773333333,0.336084645423
,451084.5,-29.4736666667,0.0879576918499,-30.978,0.0274954541697
,451885.5,-29.2613333333,0.244454949269,-30.828,0.201633330578
,453418.5,-29.49,7.1054273576e-15,-31.032,0.384936358376
,453812.5,-29.2123333333,0.242812456206,-30.784,0.472
,454156.5,-29.49,7.1054273576e-15,-31.8,1.42108547152e-14
,454831.5,-29.1143333333,0.207246766494,-34.3833333333,0.081989159175
,455336.5,-29.3756666667,0.301614360106,-33.7653333333,0.0192757763931
,456021.5,-29.1633333333,0.230988215188,-32.1066666667,0.207417989148
,456295.5,-29.392,0.233286661999,-30.636,1.0987192544
,456734.5,-29.0326666667,0.122227474635,-32.2026666667,0.0951816975871
,457133.5,-29.441,0.292635723497,-31.7333333333,0.160277537069
,457492.5,-29.0163333333,0.0879576918499,-32.0133333333,0.473943268991
,458242.5,-29.2613333333,0.244454949269,-31.8086666667,0.356601863272
59,459354.5,-29.294,0.240049994793,-32.536,0.274342851192
,459683.5,-29.3756666667,0.207246766494,-32.0866666667,0.443120249544
,460007.5,-29.098,0.294,-30.916,0.586569688954
,460360.5,-29.343,0.257735652688,-31.804,0.434032256866
,461066.5,-29.0163333333,0.0879576918499,-31.9133333333,0.320555074138
,461796.5,-29.4573333333,0.122227474635,-31.3333333333,0.0249443825785
,462083.5,-29.196,0.240049994793,-31.004,0.0265329983228
,462411.5,-29.4086666667,0.283628081982,-30.144,0.752
,463232.5,-29.1633333333,0.230988215188,-31.1986666667,0.0698442712198
,463661.5,-29.5063333333,0.267886584625,-31.3146666667,0.0192757763931
,463995.5,-29.245,0.275738402597,-30.2266666667,0.751768285814
,464303.5,-29.5063333333,0.267886584625,-29.98,1.21622366364
,465039.5,-29.196,0.240049994793,-32.048,0.212263986583
,465413.5,-29.6206666667,0.250917427764,-32.19,0.433704968844
,465701.5,-29.1633333333,0.230988215188,-31.8026666667,0.574821324896
,466035.5,-29.5553333333,0.302938204186,-30.976,0.389132368224
,466322.5,-29.1803333333,0.408154246442,-30.352,1.94301209466
,466655.5,-29.441,0.26387307555,-33.612,0.480099989586
,466984.5,-29.1633333333,0.230988215188,-32.9293333333,0.907975525857
,467197.0,-29.4253333333,0.484036729552,-31.772,1.064
,467499.5,-29.1476666667,0.380742111613,-32.2973333333,0.468749637037
,467772.5,-29.49,0.219134661795,-31.356,0.773035574861
,468035.5,-29.2123333333,0.242812456206,-29.952,0.194566184112
,468344.5,-29.49,0.253034911952,-30.78,2.13162820728e-14
,468626.5,-29.0333333333,0.629641873519,-30.792,0.224
,468869.5,-29.425,0.301935423559,-30.918,0.210798481968
,469172.5,-28.969,0.641079038289,-30.484,0.288
,469481.5,-29.5716666667,0.285249403544,-30.4826666667,0.210759473229
,469688.5,-29.181,0.623288857593,-31.1353333333,0.304179040844
,469981.5,-29.5226666667,0.308176716981,-31.21,1.23729543764
,470430.5,-29.1633333333,0.230988215188,-32.382,0.234
,470728.5,-29.539,0.318813947834,-32.14,7.1054273576e-15
,470997.5,-29.1796666667,0.236128260815,-31.578,0.155807573628
,471210.5,-29.4903333333,0.701871229089,-30.384,0.648
,471429.5,-29.099,0.568977738287,-31.9546666667,0.847756778537
,471677.5,-29.3433333333,0.286150698448,-31.1013333333,0.222586812028
,471954.5,-29.1306666667,0.21668615297,-32.748,0.531578780615
,472267.5,-29.49,0.309903210697,-31.98,0.678822509939
,472546.5,-29.3103333333,0.389610774435,-31.232,0.872018348431
,472794.5,-29.4086666667,0.284203370064,-30.1346666667,0.402092305599
,473022.5,-29.099,0.683478114744,-31.52,0.540740233384
,473286.5,-29.5063333333,0.267886584625,-29.74,7.1054273576e-15
,473560.5,-29.1473333333,0.312558616725,-31.58,1.06581410364e-14
,473788.5,-29.3763333333,0.650407479115,-30.3846666667,0.805608396734
,474067.0,-29.1633333333,0.230988215188,-31.626,0.0323109888428
,474345.5,-29.5063333333,0.236128260815,-32.194,0.174137876408
,474582.5,-29.148,0.579346758571,-30.97,0.580086200491
,474840.5,-29.588,0.196,-32.2733333333,0.0596284794
,475148.5,-29.2126666667,0.325862274929,-31.3386666667,0.300707314326
,475502.5,-29.49,0.253034911952,-31.58,1.06581410364e-14
,475769.5,-29.1306666667,0.21668615297,-31.5026666667,0.134930434751
,476027.5,-29.4246666667,0.244454949269,-29.3026666667,0.693642238878
,476310.5,-29.1796666667,0.236128260815,-30.24,7.1054273576e-15
,476589.5,-29.4736666667,0.322143687747,-30.936,0.048
,476877.5,-29.147,0.224546209053,-30.428,0.921008143286
,477352.5,-29.539,0.147,-31.714,0.0297321374946
,477932.5,-29.1473333333,0.312558616725,-32.028,0.136
57,478622.5,-29.294,0.240049994793,-31.808,0.119733036377
,479282.5,-29.245,0.245,-31.46,0.183303027798
,480143.5,-29.4246666667,0.166567970777,-31.1573333333,0.0848109007669
,480692.5,-29.0173333333,0.46207454906,-31.4693333333,0.309310343973
,481107.0,-29.3103333333,0.267886584625,-31.67,0.03
,481415.5,-29.1796666667,0.236128260815,-31.9293333333,0.0502615381999
,481684.5,-29.441,0.26387307555,-32.016,0.101508620324
,482023.5,-29.164,0.290695717203,-32.048,0.456
,482527.5,-29.392,0.196,-31.5346666667,0.0789824171713
,482801.5,-29.196,0.240049994793,-32.056,0.048
,483054.5,-29.3266666667,0.263367086444,-32.8293333333,0.905961490474
,483326.5,-29.2123333333,0.242812456206,-31.6093333333,0.157964834343
,483584.5,-29.1803333333,0.636697119691,-32.39,0.0458257569496
,483882.5,-29.196,0.240049994793,-31.9666666667,0.495535624911
,484226.5,-29.343,0.224546209053,-31.984,0.689857956394
,484570.5,-29.2123333333,0.242812456206,-32.428,0.636
,484844.5,-29.3266666667,0.230988215188,-31.984,0.0783836717691
,485142.5,-29.18,0.267058046125,-30.3893333333,1.05764182133
,485506.5,-29.4246666667,0.166567970777,-31.1813333333,0.795150859202
,485905.5,-29.196,0.240049994793,-31.818,0.0761314652427
,486274.5,-29.4246666667,0.166567970777,-31.8193333333,0.366696362434
,486543.5,-29.18,0.267058046125,-30.852,0.710560342265
,486811.5,-29.343,0.224546209053,-31.0573333333,0.2010461528
,487120.5,-29.2286666667,0.275254225924,-32.306,0.018
,487624.5,-29.4573333333,0.122227474635,-34.5886666667,0.0610318678142
,487928.5,-29.2123333333,0.242812456206,-34.144,0.0215406592285
,488250.5,-29.4736666667,0.236128260815,-32.98,1.42108547152e-14
,488583.5,-29.294,0.240049994793,-33.3046666667,0.0825725270427
,488862.5,-29.4573333333,0.21668615297,-32.5266666667,0.1490711985
,489120.5,-29.2123333333,0.242812456206,-31.222,0.802767712355
,489444.5,-29.539,0.147,-30.856,1.25719688196
,489666.5,-29.1963333333,0.390584889052,-31.0213333333,0.462311102566
,489908.5,-29.572,0.335672459401,-33.3886666667,0.22167142852
,490162.5,-29.278,0.30077012263,-32.3,1.42108547152e-14
,490456.5,-29.637,0.257735652688,-32.4166666667,0.484481395125
,490779.5,-29.343,0.313753087634,-31.8346666667,0.319538556185
,491183.5,-29.5063333333,0.0879576918499,-31.3513333333,0.22167142852
,491477.5,-29.343,0.224546209053,-29.64,0.8
,491776.5,-29.5063333333,0.199373741724,-31.304,0.732
,492140.5,-29.2776666667,0.273796558699,-33.548,0.0587877538268
,492529.5,-29.5063333333,0.0879576918499,-32.7433333333,0.395038676025
,492903.5,-29.3593333333,0.250917427764,-32.2,1.42108547152e-14
,493241.5,-29.4736666667,0.0879576918499,-31.82,0.458257569496
,493545.5,-29.2776666667,0.273796558699,-31.412,0.784
,493867.5,-29.425,0.467159858435,-32.62,0.44
,494115.5,-29.0986666667,0.540775574728,-32.668,0.416
,494327.5,-29.49,0.282901631903,-32.264,0.334161637535
,494550.5,-29.2456666667,0.39340126532,-32.996,0.206649461649
,494813.5,-29.686,0.240049994793,-31.7226666667,0.516700644044
,495131.5,-29.3103333333,0.296259833405,-32.4453333333,0.190363395174
,495450.5,-29.6043333333,0.242812456206,-31.628,0.0203960780544
,495774.5,-29.294,0.240049994793,-32.19,0.380131556175
,496072.5,-29.4736666667,0.15408835849,-33.6433333333,0.1256538455
,496341.5,-29.294,0.299394945404,-33.952,0.203017240647
,496665.5,-29.588,0.233286661999,-32.668,0.264
,497350.5,-29.2776666667,0.242812456206,-33.268,0.0448998886413
,497789.5,-29.686,0.271349712855,-32.308,0.0203960780544
,498271.5,-29.2776666667,0.242812456206,-32.376,0.048
58,499483.5,-29.539,0.147,-32.1373333333,0.109755283345
,499887.5,-29.2776666667,0.242812456206,-32.14,7.1054273576e-15
,500312.5,-29.588,0.233286661999,-32.014,0.284119693087
,500701.5,-29.1633333333,0.230988215188,-32.298,0.186
,501100.5,-29.588,0.294,-31.9086666667,0.22167142852
,501413.5,-29.1143333333,0.207246766494,-31.34,0.636867333124
,501667.5,-29.4903333333,0.378263429665,-30.7533333333,0.79007735205
,501925.5,-29.2286666667,0.244454949269,-32.2033333333,0.141617638575
,502174.5,-29.5556666667,0.32723776609,-32.0433333333,0.240947204913
,502462.5,-29.2286666667,0.244454949269,-29.7166666667,0.708088192875
,502811.5,-29.588,0.294,-32.1433333333,0.819220496705
,503251.0,-29.1633333333,0.230988215188,-32.416,0.132
,503539.5,-29.49,0.253034911952,-32.4453333333,0.0789824171713
,503866.5,-29.0823333333,0.61895440507,-32.2,1.42108547152e-14
,504154.5,-29.539,0.231564965686,-31.94,0.04
,504418.5,-29.1963333333,0.27051165512,-31.9826666667,0.27749994995
,504651.5,-29.4743333333,0.426854255637,-30.676,0.434032256866
,504904.5,-29.18,0.388200978876,-31.38,0.14
,505299.0,-29.5553333333,0.244454949269,-31.46,1.42108547152e-14
,505647.5,-29.147,0.224546209053,-31.5366666667,0.037267799625
,505951.5,-29.5063333333,0.322143687747,-30.8893333333,0.184588431081
,506225.5,-29.1796666667,0.236128260815,-30.908,0.336
,506503.5,-29.5063333333,0.296259833405,-29.596,0.389132368224
,506812.5,-29.1306666667,0.21668615297,-29.2133333333,0.548776416727
,507075.5,-29.5063333333,0.296259833405,-29.014,0.762
,507379.5,-29.196,0.240049994793,-31.52,1.06581410364e-14
,507611.5,-29.3926666667,0.425416919687,-31.7813333333,0.0698442712198
,507849.5,-29.001,0.735061675417,-29.48,0.430813184571
,508107.5,-29.5553333333,0.302938204186,-31.34,0.734846922835
,508376.5,-29.2286666667,0.244454949269,-28.6413333333,0.698702289168
,508594.5,-29.409,0.455963083301,-29.2533333333,0.386551707049
,508837.5,-29.1313333333,0.548274464925,-29.0233333333,0.588831234075
,509066.5,-29.3763333333,0.482938804497,-30.0613333333,0.212033540324
,509329.5,-29.2286666667,0.275254225924,-28.8866666667,0.840211613557
,509623.5,-29.4083333333,0.285249403544,-29.96,0.48
,509866.5,-28.9846666667,0.635886432907,-31.44,0.0282842712475
,510065.5,-29.311,0.387825991909,-30.172,0.843193927872
,510323.5,-29.1796666667,0.236128260815,-31.8,0.4
,510600.5,-29.49,7.1054273576e-15,-30.4266666667,0.845905169363
,510873.5,-29.1633333333,0.230988215188,-30.78,2.13162820728e-14
,511176.5,-29.4736666667,0.236128260815,-32.172,0.084
,511485.5,-29.2123333333,0.242812456206,-32.3033333333,0.350317316475
,511812.5,-29.5063333333,0.15408835849,-32.6653333333,0.49630456599
,512216.5,-29.245,0.245,-32.108,0.107777548682
,512770.5,-29.5716666667,0.285249403544,-33.626,0.018
,513069.5,-29.1306666667,0.21668615297,-34.0826666667,0.321443964358
,513393.5,-29.4736666667,0.322143687747,-33.884,0.392
,513651.5,-29.0656666667,0.208289595409,-32.264,0.0783836717691
,513928.5,-29.5063333333,0.267886584625,-31.0306666667,0.741057502642
,514311.5,-29.196,0.240049994793,-33.016,0.0897997772826
,514725.5,-29.6533333333,0.263367086444,-32.64,7.1054273576e-15
,514984.5,-29.2123333333,0.242812456206,-31.872,0.384
,515393.5,-29.5226666667,0.308176716981,-31.0266666667,0.0471404520791
,515923.0,-29.164,0.340867520698,-30.3866666667,0.207417989148
,516236.5,-29.539,0.26387307555,-30.8453333333,1.17582235998
,516600.5,-29.1633333333,0.230988215188,-31.5013333333,0.444010009897
,516942.5,-29.4736666667,0.267886584625,-32.926,0.0323109888428
,517300.5,-29.0653333333,0.166567970777,-33.196,0.238293936138
58,520149.5,-29.49,7.1054273576e-15,-34.2166666667,0.320503076775
,520884.5,-29.049,0.147,-31.8,0.36
,521665.5,-29.441,0.147,-32.304,0.146642422239
,522400.5,-29.049,0.147,-32.926,0.265789390307
,522870.5,-29.441,0.26387307555,-32.3306666667,0.150353657163
,523439.5,-29.2613333333,0.275254225924,-33.3426666667,0.0951816975871
,524185.5,-29.441,0.147,-32.944,0.0897997772826
